micron,transmission
4,0
7.27737,0.01164
7.49416,0.06286
7.78746,0.9999
13.60255,0.9999
15.9,0.7056
16,0
